{"IcoMoonType":"selection","icons":[{"icon":{"paths":["M1023.919 511.962c0-282.748-229.21-511.962-511.957-511.962s-511.962 229.214-511.962 511.962c0 255.535 187.217 467.332 431.966 505.741v-357.751h-129.988v-147.989h129.988v-112.794c0-128.311 76.433-199.185 193.374-199.185 56.013 0 114.603 10.001 114.603 10.001v125.99h-64.555c-63.599 0-83.435 39.462-83.435 79.949v96.038h141.99l-22.699 147.989h-119.292v357.751c244.753-38.409 431.966-250.206 431.966-505.741z"],"attrs":[{"fill":"rgb(24, 119, 242)"}],"isMulticolor":false,"isMulticolor2":false,"tags":["facebook"],"grid":0},"attrs":[{"fill":"rgb(24, 119, 242)"}],"properties":{"id":252,"order":16,"prevSize":32,"code":59648,"name":"facebook"},"setIdx":0,"setId":2,"iconIdx":251}],"height":1024,"metadata":{"name":"icomoon"},"preferences":{"showGlyphs":true,"showQuickUse":true,"showQuickUse2":true,"showSVGs":true,"fontPref":{"prefix":"icon-","metadata":{"fontFamily":"icomoon"},"metrics":{"emSize":1024,"baseline":6.25,"whitespace":50},"embed":false},"imagePref":{"prefix":"icon-","png":true,"useClassSelector":true,"color":0,"bgColor":16777215,"classSelector":".icon"},"historySize":50,"showCodes":true,"gridSize":16}}